{
  "tool": "superglm",
  "method": "fit_reml_discrete_cached_w",
  "n": 678013,
  "n_reps": 30,
  "threads": "1",
  "warmup_s": 2.108241381996777,
  "all_times_s": [
    2.108241381996777,
    2.048687285001506,
    2.076830707999761,
    2.058833578004851,
    2.1201420389988925,
    2.077065487996151,
    2.0614036620027036,
    2.1018851829940104,
    2.0700508619993343,
    2.113828369001567,
    2.119113307999214,
    2.1128149069991196,
    2.087665182996716,
    2.0731643559993245,
    2.0845773280016147,
    2.095995427996968,
    2.097337487000914,
    2.052100831999269,
    2.0342464709974593,
    2.1016476869990584,
    2.0864358949984307,
    2.172435629996471,
    2.1113785109992023,
    2.1332510840002215,
    2.1193539000014425,
    2.1619752059996244,
    2.160184845997719,
    2.165501964998839,
    2.1335084669990465,
    2.1685835190000944
  ],
  "steady_times_s": [
    2.048687285001506,
    2.076830707999761,
    2.058833578004851,
    2.1201420389988925,
    2.077065487996151,
    2.0614036620027036,
    2.1018851829940104,
    2.0700508619993343,
    2.113828369001567,
    2.119113307999214,
    2.1128149069991196,
    2.087665182996716,
    2.0731643559993245,
    2.0845773280016147,
    2.095995427996968,
    2.097337487000914,
    2.052100831999269,
    2.0342464709974593,
    2.1016476869990584,
    2.0864358949984307,
    2.172435629996471,
    2.1113785109992023,
    2.1332510840002215,
    2.1193539000014425,
    2.1619752059996244,
    2.160184845997719,
    2.165501964998839,
    2.1335084669990465,
    2.1685835190000944
  ],
  "median_s": 2.1016476869990584,
  "mean_s": 2.1034482477234318,
  "std_s": 0.03757149887587906,
  "min_s": 2.0342464709974593,
  "max_s": 2.172435629996471,
  "p10_s": 2.0574870288037346,
  "p90_s": 2.1626805577994674,
  "deviance": 212055.3690119994,
  "effective_df": 43.34192654765716
}
